{"jobName":"TranscribeJob1","accountId":"472948420345","results":{"transcripts":[{"transcript":"Hello, everyone. I hope you are enjoying the course so far and are learning many cool things. Let's see how well Aws can transcribe this text."}],"items":[{"start_time":"0.009","end_time":"0.3","alternatives":[{"confidence":"0.999","content":"Hello"}],"type":"pronunciation"},{"alternatives":[{"confidence":"0.0","content":","}],"type":"punctuation"},{"start_time":"0.31","end_time":"0.93","alternatives":[{"confidence":"0.999","content":"everyone"}],"type":"pronunciation"},{"alternatives":[{"confidence":"0.0","content":"."}],"type":"punctuation"},{"start_time":"0.939","end_time":"0.98","alternatives":[{"confidence":"0.999","content":"I"}],"type":"pronunciation"},{"start_time":"0.99","end_time":"1.299","alternatives":[{"confidence":"0.999","content":"hope"}],"type":"pronunciation"},{"start_time":"1.309","end_time":"1.379","alternatives":[{"confidence":"0.999","content":"you"}],"type":"pronunciation"},{"start_time":"1.389","end_time":"1.47","alternatives":[{"confidence":"0.995","content":"are"}],"type":"pronunciation"},{"start_time":"1.48","end_time":"1.86","alternatives":[{"confidence":"0.999","content":"enjoying"}],"type":"pronunciation"},{"start_time":"1.87","end_time":"1.919","alternatives":[{"confidence":"0.999","content":"the"}],"type":"pronunciation"},{"start_time":"1.929","end_time":"2.18","alternatives":[{"confidence":"0.999","content":"course"}],"type":"pronunciation"},{"start_time":"2.19","end_time":"2.369","alternatives":[{"confidence":"0.999","content":"so"}],"type":"pronunciation"},{"start_time":"2.38","end_time":"2.74","alternatives":[{"confidence":"0.999","content":"far"}],"type":"pronunciation"},{"start_time":"2.75","end_time":"2.819","alternatives":[{"confidence":"0.999","content":"and"}],"type":"pronunciation"},{"start_time":"2.829","end_time":"2.93","alternatives":[{"confidence":"0.999","content":"are"}],"type":"pronunciation"},{"start_time":"2.94","end_time":"3.21","alternatives":[{"confidence":"0.999","content":"learning"}],"type":"pronunciation"},{"start_time":"3.22","end_time":"3.44","alternatives":[{"confidence":"0.999","content":"many"}],"type":"pronunciation"},{"start_time":"3.45","end_time":"3.7","alternatives":[{"confidence":"0.999","content":"cool"}],"type":"pronunciation"},{"start_time":"3.71","end_time":"4.239","alternatives":[{"confidence":"0.999","content":"things"}],"type":"pronunciation"},{"alternatives":[{"confidence":"0.0","content":"."}],"type":"punctuation"},{"start_time":"4.5","end_time":"4.82","alternatives":[{"confidence":"0.999","content":"Let's"}],"type":"pronunciation"},{"start_time":"4.829","end_time":"5.039","alternatives":[{"confidence":"0.999","content":"see"}],"type":"pronunciation"},{"start_time":"5.05","end_time":"5.28","alternatives":[{"confidence":"0.999","content":"how"}],"type":"pronunciation"},{"start_time":"5.289","end_time":"5.59","alternatives":[{"confidence":"0.999","content":"well"}],"type":"pronunciation"},{"start_time":"5.98","end_time":"6.0","alternatives":[{"confidence":"0.995","content":"Aws"}],"type":"pronunciation"},{"start_time":"6.01","end_time":"6.329","alternatives":[{"confidence":"0.999","content":"can"}],"type":"pronunciation"},{"start_time":"6.34","end_time":"6.86","alternatives":[{"confidence":"0.999","content":"transcribe"}],"type":"pronunciation"},{"start_time":"6.869","end_time":"7.019","alternatives":[{"confidence":"0.999","content":"this"}],"type":"pronunciation"},{"start_time":"7.03","end_time":"7.48","alternatives":[{"confidence":"0.999","content":"text"}],"type":"pronunciation"},{"alternatives":[{"confidence":"0.0","content":"."}],"type":"punctuation"}]},"status":"COMPLETED"}